date,requests,pageviews,bytes,uniques
"2026-07-25",1308813,1275564,30902616607,39697
"2026-07-26",1409363,1379544,38967134944,9055
"2026-07-27",1221016,1197312,35004856627,43864
"2026-07-28",1192546,1168890,30508614715,22225
"2026-07-29",1650438,1604818,38076718452,45968
"2026-07-30",3038634,2843213,63518002779,162383
"2026-07-31",6565983,6042613,132432125248,625724
"2026-08-01",8280182,7596420,166533737953,756988
"2026-08-02",9490671,8723534,205290210720,877752
"2026-08-03",9229966,8455257,185528475671,923759
"2026-08-04",5170564,4826328,106609833363,1036151
"2026-08-05",2861329,2786355,61615182314,1033397
"2026-08-06",1594334,1541791,35432332435,156822
"2026-08-07",2039943,1952740,44692939334,148916
"2026-08-08",2181139,2086880,47652137250,182664
"2026-08-09",2839027,2696257,61834765629,288783
"2026-08-10",2218835,2102075,47986228217,227151
"2026-08-11",2536403,2367562,53695330373,234794
"2026-08-12",3033350,2844548,63670995927,398277
"2026-08-13",2772198,2621912,59737408999,273227
"2026-08-14",2745678,2635930,60025994550,520680
"2026-08-15",2614556,2417227,54603223632,397742
"2026-08-16",2747013,2182387,50631940398,357579
"2026-08-17",2933711,2453984,57702703161,215505
"2026-08-18",1028879,942,9797272175,283975
"2026-08-19",1358961,983,10146692237,474218
"2026-08-20",556517,1213,3336770657,132621
"2026-08-21",481372,1044,2810779796,119887
"2026-08-22",500385,1479,2824692006,114329
"2026-08-23",539206,1107,2947032403,118203
